{
  "hash": "7b9be38c",
  "configHash": "a60b872a",
  "lockfileHash": "b54e4a58",
  "browserHash": "fbc2cf00",
  "optimized": {
    "@angular/cdk/layout": {
      "src": "../../../../../node_modules/@angular/cdk/fesm2022/layout.mjs",
      "file": "@angular_cdk_layout.js",
      "fileHash": "e21d2146",
      "needsInterop": false
    },
    "@angular/cdk/overlay": {
      "src": "../../../../../node_modules/@angular/cdk/fesm2022/overlay.mjs",
      "file": "@angular_cdk_overlay.js",
      "fileHash": "fa24ae0d",
      "needsInterop": false
    },
    "@angular/common": {
      "src": "../../../../../node_modules/@angular/common/fesm2022/common.mjs",
      "file": "@angular_common.js",
      "fileHash": "94a71bec",
      "needsInterop": false
    },
    "@angular/common/http": {
      "src": "../../../../../node_modules/@angular/common/fesm2022/http.mjs",
      "file": "@angular_common_http.js",
      "fileHash": "d328aa1b",
      "needsInterop": false
    },
    "@angular/core": {
      "src": "../../../../../node_modules/@angular/core/fesm2022/core.mjs",
      "file": "@angular_core.js",
      "fileHash": "180de77b",
      "needsInterop": false
    },
    "@angular/forms": {
      "src": "../../../../../node_modules/@angular/forms/fesm2022/forms.mjs",
      "file": "@angular_forms.js",
      "fileHash": "4fbde553",
      "needsInterop": false
    },
    "@angular/material/button": {
      "src": "../../../../../node_modules/@angular/material/fesm2022/button.mjs",
      "file": "@angular_material_button.js",
      "fileHash": "004683c6",
      "needsInterop": false
    },
    "@angular/material/card": {
      "src": "../../../../../node_modules/@angular/material/fesm2022/card.mjs",
      "file": "@angular_material_card.js",
      "fileHash": "0cc81f2d",
      "needsInterop": false
    },
    "@angular/material/core": {
      "src": "../../../../../node_modules/@angular/material/fesm2022/core.mjs",
      "file": "@angular_material_core.js",
      "fileHash": "627f0f58",
      "needsInterop": false
    },
    "@angular/material/dialog": {
      "src": "../../../../../node_modules/@angular/material/fesm2022/dialog.mjs",
      "file": "@angular_material_dialog.js",
      "fileHash": "da52d4eb",
      "needsInterop": false
    },
    "@angular/material/expansion": {
      "src": "../../../../../node_modules/@angular/material/fesm2022/expansion.mjs",
      "file": "@angular_material_expansion.js",
      "fileHash": "130330e9",
      "needsInterop": false
    },
    "@angular/material/form-field": {
      "src": "../../../../../node_modules/@angular/material/fesm2022/form-field.mjs",
      "file": "@angular_material_form-field.js",
      "fileHash": "f836f9fd",
      "needsInterop": false
    },
    "@angular/material/icon": {
      "src": "../../../../../node_modules/@angular/material/fesm2022/icon.mjs",
      "file": "@angular_material_icon.js",
      "fileHash": "6c6280e8",
      "needsInterop": false
    },
    "@angular/material/input": {
      "src": "../../../../../node_modules/@angular/material/fesm2022/input.mjs",
      "file": "@angular_material_input.js",
      "fileHash": "78854aed",
      "needsInterop": false
    },
    "@angular/material/list": {
      "src": "../../../../../node_modules/@angular/material/fesm2022/list.mjs",
      "file": "@angular_material_list.js",
      "fileHash": "66ec9f7a",
      "needsInterop": false
    },
    "@angular/material/progress-spinner": {
      "src": "../../../../../node_modules/@angular/material/fesm2022/progress-spinner.mjs",
      "file": "@angular_material_progress-spinner.js",
      "fileHash": "8ab74f6d",
      "needsInterop": false
    },
    "@angular/material/radio": {
      "src": "../../../../../node_modules/@angular/material/fesm2022/radio.mjs",
      "file": "@angular_material_radio.js",
      "fileHash": "d5ee9018",
      "needsInterop": false
    },
    "@angular/material/select": {
      "src": "../../../../../node_modules/@angular/material/fesm2022/select.mjs",
      "file": "@angular_material_select.js",
      "fileHash": "02b35e4d",
      "needsInterop": false
    },
    "@angular/material/sidenav": {
      "src": "../../../../../node_modules/@angular/material/fesm2022/sidenav.mjs",
      "file": "@angular_material_sidenav.js",
      "fileHash": "442ef5da",
      "needsInterop": false
    },
    "@angular/material/snack-bar": {
      "src": "../../../../../node_modules/@angular/material/fesm2022/snack-bar.mjs",
      "file": "@angular_material_snack-bar.js",
      "fileHash": "848d8e09",
      "needsInterop": false
    },
    "@angular/material/toolbar": {
      "src": "../../../../../node_modules/@angular/material/fesm2022/toolbar.mjs",
      "file": "@angular_material_toolbar.js",
      "fileHash": "a2d60eb6",
      "needsInterop": false
    },
    "@angular/platform-browser": {
      "src": "../../../../../node_modules/@angular/platform-browser/fesm2022/platform-browser.mjs",
      "file": "@angular_platform-browser.js",
      "fileHash": "c41c485c",
      "needsInterop": false
    },
    "@angular/platform-browser/animations": {
      "src": "../../../../../node_modules/@angular/platform-browser/fesm2022/animations.mjs",
      "file": "@angular_platform-browser_animations.js",
      "fileHash": "57823494",
      "needsInterop": false
    },
    "@angular/router": {
      "src": "../../../../../node_modules/@angular/router/fesm2022/router.mjs",
      "file": "@angular_router.js",
      "fileHash": "b03986f8",
      "needsInterop": false
    },
    "emailjs-com": {
      "src": "../../../../../node_modules/emailjs-com/es/index.js",
      "file": "emailjs-com.js",
      "fileHash": "4f44e5af",
      "needsInterop": false
    },
    "recordrtc": {
      "src": "../../../../../node_modules/recordrtc/RecordRTC.js",
      "file": "recordrtc.js",
      "fileHash": "2e093581",
      "needsInterop": true
    },
    "rxjs": {
      "src": "../../../../../node_modules/rxjs/dist/esm5/index.js",
      "file": "rxjs.js",
      "fileHash": "b4355bd2",
      "needsInterop": false
    },
    "rxjs/operators": {
      "src": "../../../../../node_modules/rxjs/dist/esm5/operators/index.js",
      "file": "rxjs_operators.js",
      "fileHash": "595e345a",
      "needsInterop": false
    }
  },
  "chunks": {
    "chunk-TZTNQNRW": {
      "file": "chunk-TZTNQNRW.js"
    },
    "chunk-VP3VYBUE": {
      "file": "chunk-VP3VYBUE.js"
    },
    "chunk-ZE5KKVG4": {
      "file": "chunk-ZE5KKVG4.js"
    },
    "chunk-3PLKJU5W": {
      "file": "chunk-3PLKJU5W.js"
    },
    "chunk-GSIQKILB": {
      "file": "chunk-GSIQKILB.js"
    },
    "chunk-KILMWCKF": {
      "file": "chunk-KILMWCKF.js"
    },
    "chunk-PFNY3VG7": {
      "file": "chunk-PFNY3VG7.js"
    },
    "chunk-AZXSKQZ4": {
      "file": "chunk-AZXSKQZ4.js"
    },
    "chunk-QG7UWZLG": {
      "file": "chunk-QG7UWZLG.js"
    },
    "chunk-AAX7YDHR": {
      "file": "chunk-AAX7YDHR.js"
    },
    "chunk-Z4L3TLKF": {
      "file": "chunk-Z4L3TLKF.js"
    },
    "chunk-CPKOOH3J": {
      "file": "chunk-CPKOOH3J.js"
    },
    "chunk-4JPQE5VC": {
      "file": "chunk-4JPQE5VC.js"
    },
    "chunk-KO225LVF": {
      "file": "chunk-KO225LVF.js"
    },
    "chunk-GL7NJJRG": {
      "file": "chunk-GL7NJJRG.js"
    },
    "chunk-6B2RFDFL": {
      "file": "chunk-6B2RFDFL.js"
    },
    "chunk-SG3BCSKH": {
      "file": "chunk-SG3BCSKH.js"
    },
    "chunk-SAVXX6OM": {
      "file": "chunk-SAVXX6OM.js"
    },
    "chunk-PQ7O3X3G": {
      "file": "chunk-PQ7O3X3G.js"
    },
    "chunk-WKYGNSYM": {
      "file": "chunk-WKYGNSYM.js"
    }
  }
}